t;feature;CO;lat;lon;feature_names;NO2;O3;SO2;CH4
2025-08-24;0.0;0.0238888673484325;-5.56117935;114.42339534013168;feature_0;5.375151090447616e-06;0.1159139014780521;-0.00011052693298552184;1871.4520263671875
2025-08-25;0.0;0.0309571884572505;-5.56117935;114.42339534013168;feature_0;1.2284385775274134e-07;0.1167135052382946;9.895909170154482e-05;
2025-08-26;0.0;;-5.56117935;114.42339534013168;feature_0;;0.1165922507643699;;
2025-08-27;0.0;;-5.56117935;114.42339534013168;feature_0;1.4020125490787905e-05;0.114702895283699;9.726889402372764e-05;
2025-08-28;0.0;;-5.56117935;114.42339534013168;feature_0;;0.1158495061099529;;
2025-08-29;0.0;0.0273682372644543;-5.56117935;114.42339534013168;feature_0;2.018246277657454e-06;0.1138633340597152;-2.4590875909780152e-05;
2025-08-30;0.0;0.0242819469422101;-5.56117935;114.42339534013168;feature_0;2.8271377345845394e-06;0.1153768897056579;-6.638510967604816e-07;
2025-08-31;0.0;0.0290366299450397;-5.56117935;114.42339534013168;feature_0;-7.159626420616405e-06;0.1155629120767116;2.6402523985780132e-05;
2025-09-01;0.0;;-5.56117935;114.42339534013168;feature_0;1.4907575177858234e-05;0.1142293587327003;-2.6099037313542794e-05;
2025-09-02;0.0;0.0212805308401584;-5.56117935;114.42339534013168;feature_0;5.78859140887289e-06;0.1154316738247871;0.00011195880870218387;
2025-09-03;0.0;0.0308074969798326;-5.56117935;114.42339534013168;feature_0;2.3023723372261887e-07;0.1127642653882503;2.564847090980038e-05;
2025-09-04;0.0;0.0260136220604181;-5.56117935;114.42339534013168;feature_0;5.737793344451347e-06;0.1143383830785751;0.00016339513240382075;
2025-09-05;0.0;;-5.56117935;114.42339534013168;feature_0;2.941942966572242e-06;0.1136728413403034;0.00013687282353203045;
2025-09-06;;;;;;;;;
2025-09-07;0.0;;-5.56117935;114.42339534013168;feature_0;;0.1136982664465904;;
2025-09-08;0.0;;-5.56117935;114.42339534013168;feature_0;-1.4842119071545312e-06;0.1138233691453933;7.183979323599488e-05;
2025-09-09;0.0;;-5.56117935;114.42339534013168;feature_0;;0.1155812479555606;;
2025-09-10;0.0;;-5.56117935;114.42339534013168;feature_0;;0.1159874610602855;;
2025-09-11;0.0;;-5.56117935;114.42339534013168;feature_0;;0.114903774112463;;
2025-09-12;0.0;;-5.56117935;114.42339534013168;feature_0;3.274964001320768e-06;0.1138383820652961;0.0002116845425916836;
2025-09-13;0.0;0.0335643924772739;-5.56117935;114.42339534013168;feature_0;;0.1134809888899326;4.280498433217872e-05;
2025-09-14;0.0;0.0293398480862379;-5.56117935;114.42339534013168;feature_0;1.2047597920172848e-05;0.1143913008272647;5.583839902101317e-05;
2025-09-15;0.0;0.0273425187915563;-5.56117935;114.42339534013168;feature_0;1.3029961110078148e-06;0.1145262345671653;6.135622606961988e-05;
2025-09-16;0.0;;-5.56117935;114.42339534013168;feature_0;;0.1142007634043693;;
2025-09-17;0.0;;-5.56117935;114.42339534013168;feature_0;;0.1154123917222023;;
2025-09-18;0.0;0.0285225249826908;-5.56117935;114.42339534013168;feature_0;3.6206685081197065e-06;0.1128835827112197;-5.466692437039456e-05;
2025-09-19;0.0;0.0279384311288595;-5.56117935;114.42339534013168;feature_0;4.064117263169464e-06;0.1131922788918018;3.146894778183196e-05;
2025-09-20;0.0;0.0251850476488471;-5.56117935;114.42339534013168;feature_0;5.1247576493551605e-06;;;
2025-09-21;0.0;0.0363763384521007;-5.56117935;114.42339534013168;feature_0;-1.1962484904870507e-06;0.1137775257229805;7.691815699217841e-05;
2025-09-22;;;;;;;;;
2025-09-23;0.0;;-5.56117935;114.42339534013168;feature_0;1.5362683370767627e-05;0.1125730797648429;-0.00010425732398289256;
2025-09-24;0.0;;-5.56117935;114.42339534013168;feature_0;;0.1124504692852497;;
2025-09-25;0.0;0.0306221842765808;-5.56117935;114.42339534013168;feature_0;2.555907485657372e-07;0.1121972799301147;-7.100985385477543e-06;
2025-09-26;0.0;0.0298090204596519;-5.56117935;114.42339534013168;feature_0;4.592623099597404e-06;0.1127608753740787;2.349306055293709e-05;
2025-09-27;0.0;0.022230390459299;-5.56117935;114.42339534013168;feature_0;;0.1114628575742244;-4.7683256525488105e-05;
2025-09-28;0.0;;-5.56117935;114.42339534013168;feature_0;5.133169906912372e-06;0.1146576106548309;0.00028715358348563313;
2025-09-29;0.0;;-5.56117935;114.42339534013168;feature_0;;0.1155957467854023;;
2025-09-30;0.0;;-5.56117935;114.42339534013168;feature_0;8.938186738305376e-06;;;
2025-10-01;0.0;0.0254486743360757;-5.56117935;114.42339534013168;feature_0;-1.4921935189704527e-06;0.1141915172338485;5.062972559244372e-05;
2025-10-02;0.0;;-5.56117935;114.42339534013168;feature_0;8.911866416383418e-06;0.1130668669939041;4.4517793867271394e-05;
2025-10-03;0.0;0.0308857709169387;-5.56117935;114.42339534013168;feature_0;1.6106364455481526e-06;0.115726351737976;-5.1101720600854605e-05;
2025-10-04;0.0;;-5.56117935;114.42339534013168;feature_0;;0.1141605079174041;2.9176768293837085e-05;
2025-10-05;0.0;0.030494675040245;-5.56117935;114.42339534013168;feature_0;2.0210834918543696e-05;0.1158505603671073;-0.00011822825035778806;1894.9825439453125
2025-10-06;0.0;0.0320870634168386;-5.56117935;114.42339534013168;feature_0;2.6024087844689348e-06;0.1173521168529987;-7.68183253967436e-05;
2025-10-07;0.0;;-5.56117935;114.42339534013168;feature_0;1.9437082301010374e-05;0.1165152937173843;-0.00012089819210814312;
2025-10-08;;;;;;;;;
2025-10-09;0.0;0.0297751724720001;-5.56117935;114.42339534013168;feature_0;1.0262848263664637e-05;0.1162385269999504;2.050189141300507e-05;
2025-10-10;0.0;0.0267044641077518;-5.56117935;114.42339534013168;feature_0;1.1507234603413964e-05;0.1148982867598533;-2.791020961012691e-07;
2025-10-11;0.0;0.0337125286459922;-5.56117935;114.42339534013168;feature_0;3.0368170200745226e-06;0.110928937792778;-2.183811375289224e-05;
2025-10-12;0.0;0.023889984935522;-5.56117935;114.42339534013168;feature_0;8.90303590495023e-06;0.113331276923418;1.2306410098972265e-05;
2025-10-13;0.0;0.0262161111459136;-5.56117935;114.42339534013168;feature_0;4.421332050696947e-06;0.1151344068348407;7.602240657433867e-05;
2025-10-14;0.0;0.0353698283433914;-5.56117935;114.42339534013168;feature_0;8.423715371463913e-06;0.1171870753169059;0.0001225956693815533;
2025-10-15;0.0;;-5.56117935;114.42339534013168;feature_0;;0.1168716922402381;;
2025-10-16;0.0;0.025857119821012;-5.56117935;114.42339534013168;feature_0;1.1375247140676947e-05;0.1166777722537517;4.275332685210742e-05;1858.000244140625
2025-10-17;0.0;;-5.56117935;114.42339534013168;feature_0;7.236060582727077e-06;0.1165273189544677;0.0002573886958998628;
2025-10-18;0.0;0.0269769048318266;-5.56117935;114.42339534013168;feature_0;-8.67344715516083e-06;0.1156936660408973;3.6647510569309816e-05;
2025-10-19;0.0;0.0340571403503418;-5.56117935;114.42339534013168;feature_0;5.455827249534195e-06;0.1134004816412925;-0.00011046484360122122;
2025-10-20;0.0;;-5.56117935;114.42339534013168;feature_0;-4.278704636817565e-06;0.1153340749442577;9.284456155000951e-06;
2025-10-21;0.0;;-5.56117935;114.42339534013168;feature_0;;0.1161602698266506;;
2025-10-22;0.0;;-5.56117935;114.42339534013168;feature_0;;0.1187324374914169;;
2025-10-23;0.0;0.031002938747406;-5.56117935;114.42339534013168;feature_0;7.46347313906881e-06;0.1148365512490272;0.00010169776214752346;
2025-10-24;;;;;;;;;
2025-10-25;0.0;;-5.56117935;114.42339534013168;feature_0;1.8611540326674003e-06;0.1155165992677211;-0.0001137306389864534;
2025-10-26;0.0;0.0303381886333227;-5.56117935;114.42339534013168;feature_0;1.049340789904818e-05;0.1142942905426025;-5.380595757742413e-05;
2025-10-27;0.0;;-5.56117935;114.42339534013168;feature_0;;0.1142848394811153;;
2025-10-28;0.0;;-5.56117935;114.42339534013168;feature_0;;0.1158074885606765;;
2025-10-29;0.0;;-5.56117935;114.42339534013168;feature_0;;0.1143641136586666;1.8876627564168302e-05;
2025-10-30;0.0;;-5.56117935;114.42339534013168;feature_0;6.814183961978415e-06;0.1147694364190101;-6.097133518778719e-05;
2025-10-31;0.0;;-5.56117935;114.42339534013168;feature_0;;0.1146749109029769;;
2025-11-01;0.0;;-5.56117935;114.42339534013168;feature_0;6.846297310403315e-06;0.1138148941099643;1.426842027285602e-05;
2025-11-02;0.0;0.0279934983700513;-5.56117935;114.42339534013168;feature_0;7.259751328092534e-06;0.1156944558024406;0.00014634446415584534;
2025-11-03;0.0;0.0257378602400422;-5.56117935;114.42339534013168;feature_0;;0.114123947918415;;
2025-11-04;0.0;;-5.56117935;114.42339534013168;feature_0;1.270448024115467e-05;0.113471083343029;-0.0003055601700907573;
2025-11-05;0.0;;-5.56117935;114.42339534013168;feature_0;1.8670859844860388e-06;0.1140890531241893;-1.4729022950632498e-05;
2025-11-06;0.0;0.0346137434244155;-5.56117935;114.42339534013168;feature_0;1.0916366136370924e-05;0.1138373427093029;-2.04001826205058e-05;
2025-11-07;0.0;0.0271715652197599;-5.56117935;114.42339534013168;feature_0;;0.1110268607735633;;
2025-11-08;0.0;0.0367703288793563;-5.56117935;114.42339534013168;feature_0;1.0699949598347304e-05;0.1128939092159271;9.319651871919632e-05;
2025-11-09;;;;;;;;;
2025-11-10;0.0;;-5.56117935;114.42339534013168;feature_0;;0.1150313094258308;;
2025-11-11;0.0;;-5.56117935;114.42339534013168;feature_0;;0.1148896552622318;;
2025-11-12;0.0;;-5.56117935;114.42339534013168;feature_0;;0.1139658167958259;;
2025-11-13;0.0;;-5.56117935;114.42339534013168;feature_0;;0.1118048951029777;;
2025-11-14;0.0;;-5.56117935;114.42339534013168;feature_0;;0.1117791682481765;;
2025-11-15;0.0;;-5.56117935;114.42339534013168;feature_0;;0.1132860071957111;;
2025-11-16;0.0;;-5.56117935;114.42339534013168;feature_0;;0.1140970326960086;;
2025-11-17;0.0;;-5.56117935;114.42339534013168;feature_0;;0.1138840466737747;;
2025-11-18;0.0;;-5.56117935;114.42339534013168;feature_0;;0.111622929573059;-0.0001117435094784014;
2025-11-19;0.0;;-5.56117935;114.42339534013168;feature_0;;0.1130519211292266;-0.0001580712487339042;
2025-11-20;0.0;;-5.56117935;114.42339534013168;feature_0;;0.1114049106836319;;
2025-11-21;0.0;;-5.56117935;114.42339534013168;feature_0;;0.1138988882303237;;
2025-11-22;0.0;;-5.56117935;114.42339534013168;feature_0;;0.1143419295549392;0.00021653008298017085;
2025-11-23;0.0;;-5.56117935;114.42339534013168;feature_0;;0.1136887669563293;;
2025-11-24;0.0;;-5.56117935;114.42339534013168;feature_0;;0.1145649030804634;;
2025-11-25;;;;;;;;;
2025-11-26;0.0;;-5.56117935;114.42339534013168;feature_0;;0.1124564185738563;;
2025-11-27;0.0;0.0238456558436155;-5.56117935;114.42339534013168;feature_0;1.2670822115978808e-05;0.1116630509495735;;
2025-11-28;0.0;0.0255509540438652;-5.56117935;114.42339534013168;feature_0;;0.106884092092514;;
2025-11-29;0.0;;-5.56117935;114.42339534013168;feature_0;;0.1143798157572746;;
2025-11-30;0.0;;-5.56117935;114.42339534013168;feature_0;;0.1146861985325813;;
2025-12-01;0.0;;-5.56117935;114.42339534013168;feature_0;4.260140030964976e-06;0.1149528846144676;;
2025-12-02;0.0;;-5.56117935;114.42339534013168;feature_0;7.762183486192953e-06;0.112072367221117;;
2025-12-03;0.0;;-5.56117935;114.42339534013168;feature_0;;0.1137518920004367;;
2025-12-04;0.0;;-5.56117935;114.42339534013168;feature_0;;0.1138905398547649;-3.233209099562373e-05;
2025-12-05;0.0;;-5.56117935;114.42339534013168;feature_0;;0.1131745129823684;;
2025-12-06;0.0;;-5.56117935;114.42339534013168;feature_0;;0.1127556674182415;-0.00020543599384836853;
2025-12-07;0.0;;-5.56117935;114.42339534013168;feature_0;;0.1136195100843906;-4.203183561912738e-05;
2025-12-08;0.0;0.0264728935435414;-5.56117935;114.42339534013168;feature_0;;0.112415324896574;;
2025-12-09;0.0;;-5.56117935;114.42339534013168;feature_0;;0.114727858453989;;
2025-12-10;0.0;;-5.56117935;114.42339534013168;feature_0;;0.1149270571768283;;
2025-12-11;;;;;;;;;
2025-12-12;0.0;;-5.56117935;114.42339534013168;feature_0;;0.1124210841953754;;
2025-12-13;0.0;;-5.56117935;114.42339534013168;feature_0;;0.1132985576987266;;
2025-12-14;0.0;;-5.56117935;114.42339534013168;feature_0;;0.1136578544974327;;
2025-12-15;0.0;;-5.56117935;114.42339534013168;feature_0;;0.1126992367208004;;
2025-12-16;0.0;;-5.56117935;114.42339534013168;feature_0;;0.1125994473695755;;
2025-12-17;0.0;;-5.56117935;114.42339534013168;feature_0;1.6671063349349424e-05;0.1129796281456947;-0.00013042340287938714;
2025-12-18;0.0;;-5.56117935;114.42339534013168;feature_0;;0.1130684055387973;;
2025-12-19;0.0;;-5.56117935;114.42339534013168;feature_0;;0.1115470044314861;;
2025-12-20;0.0;;-5.56117935;114.42339534013168;feature_0;;0.1112634688615799;;
2025-12-21;0.0;;-5.56117935;114.42339534013168;feature_0;;0.1140696741640567;;
2025-12-22;0.0;0.0265494789928197;-5.56117935;114.42339534013168;feature_0;1.7852711607702076e-05;0.1139413565397262;-4.3195608668611385e-05;
2025-12-23;0.0;;-5.56117935;114.42339534013168;feature_0;2.01530219783308e-05;0.1143744140863418;-0.0002457403170410544;
2025-12-24;0.0;;-5.56117935;114.42339534013168;feature_0;;0.1135463342070579;;
2025-12-25;0.0;;-5.56117935;114.42339534013168;feature_0;;0.1149383597075939;;
2025-12-26;0.0;;-5.56117935;114.42339534013168;feature_0;9.0710120730364e-06;0.1119200065732002;7.968992576934397e-08;
2025-12-27;;;;;;;;;
2025-12-28;0.0;;-5.56117935;114.42339534013168;feature_0;1.4084773283684626e-05;0.1128015741705894;-8.495547035636264e-05;
2025-12-29;0.0;;-5.56117935;114.42339534013168;feature_0;;0.1113812029361724;;
2025-12-30;0.0;;-5.56117935;114.42339534013168;feature_0;;0.1128443256020546;0.00031643855618312955;
2025-12-31;0.0;;-5.56117935;114.42339534013168;feature_0;;0.1115200817584991;3.339393515489064e-05;
2026-01-01;0.0;;-5.56117935;114.42339534013168;feature_0;;0.1123980358242988;;
2026-01-02;0.0;;-5.56117935;114.42339534013168;feature_0;;0.1102728620171547;-4.165714199189097e-05;
2026-01-03;0.0;;-5.56117935;114.42339534013168;feature_0;;0.1124139800667762;;
2026-01-04;0.0;;-5.56117935;114.42339534013168;feature_0;;0.1122908666729927;;
2026-01-05;0.0;;-5.56117935;114.42339534013168;feature_0;;0.1109373196959495;;
2026-01-06;0.0;;-5.56117935;114.42339534013168;feature_0;;0.1128561533987522;;
2026-01-07;0.0;;-5.56117935;114.42339534013168;feature_0;;0.1144436262547969;;
2026-01-08;0.0;;-5.56117935;114.42339534013168;feature_0;;0.1130481287837028;;
2026-01-09;0.0;;-5.56117935;114.42339534013168;feature_0;;0.1122255027294159;;
2026-01-10;0.0;;-5.56117935;114.42339534013168;feature_0;;0.1128873191773891;0.0002156003174604848;
2026-01-11;0.0;;-5.56117935;114.42339534013168;feature_0;;0.1129655167460441;;
2026-01-12;;;;;;;;;
2026-01-13;0.0;;-5.56117935;114.42339534013168;feature_0;;0.1127310954034328;;
2026-01-14;0.0;;-5.56117935;114.42339534013168;feature_0;;0.1116436757147312;;
2026-01-15;0.0;;-5.56117935;114.42339534013168;feature_0;;0.1120265163481235;;
2026-01-16;0.0;0.0287277679890394;-5.56117935;114.42339534013168;feature_0;6.482911885541398e-06;0.1129116117954254;1.9414894268265925e-05;
2026-01-17;0.0;;-5.56117935;114.42339534013168;feature_0;5.772555596195161e-06;0.1107821986079216;-0.00020330151892267168;
2026-01-18;0.0;;-5.56117935;114.42339534013168;feature_0;;0.1117171347141265;-1.2315959509123786e-05;
2026-01-19;0.0;;-5.56117935;114.42339534013168;feature_0;-1.8509570054447977e-07;0.1144158765673637;0.00025051733246073127;
2026-01-20;0.0;;-5.56117935;114.42339534013168;feature_0;;0.1127428710460662;;
2026-01-21;0.0;;-5.56117935;114.42339534013168;feature_0;;0.1124229654669761;;
2026-01-22;0.0;;-5.56117935;114.42339534013168;feature_0;;0.1110003814101219;;
2026-01-23;0.0;;-5.56117935;114.42339534013168;feature_0;1.1300457117613403e-05;0.1121158227324485;-0.0001428412324457895;
2026-01-24;0.0;;-5.56117935;114.42339534013168;feature_0;5.239112851995742e-06;0.1132842078804969;-0.00016933782899286598;
2026-01-25;0.0;0.0330427233129739;-5.56117935;114.42339534013168;feature_0;5.242787210590905e-06;0.1116450279951095;-2.193199634348275e-06;
2026-01-26;0.0;;-5.56117935;114.42339534013168;feature_0;;0.1135928817093372;-4.756662747240625e-05;
2026-01-27;0.0;;-5.56117935;114.42339534013168;feature_0;;0.115210335701704;;
2026-01-28;;;;;;;;;
2026-01-29;0.0;;-5.56117935;114.42339534013168;feature_0;-1.631437157811888e-06;0.1142789013683795;-3.45574262610171e-05;
2026-01-30;0.0;;-5.56117935;114.42339534013168;feature_0;5.220365295599549e-06;0.1125647313892841;-1.1271838047832716e-05;
2026-01-31;0.0;0.0293834079056978;-5.56117935;114.42339534013168;feature_0;9.977949957828969e-06;0.1139489337801933;7.6500786235556e-05;
2026-02-01;0.0;;-5.56117935;114.42339534013168;feature_0;;0.1135011240839958;;
2026-02-02;0.0;;-5.56117935;114.42339534013168;feature_0;;0.1115070059895515;;
2026-02-03;0.0;;-5.56117935;114.42339534013168;feature_0;;0.1132097281515598;;
2026-02-04;0.0;;-5.56117935;114.42339534013168;feature_0;;0.1133149340748786;1.3027874956605956e-05;
2026-02-05;0.0;;-5.56117935;114.42339534013168;feature_0;;0.1133665293455123;;
2026-02-06;0.0;0.0298393433913588;-5.56117935;114.42339534013168;feature_0;5.639276423607953e-06;0.1129661798477172;-5.92772921663709e-05;
2026-02-07;0.0;;-5.56117935;114.42339534013168;feature_0;;0.1125290244817733;;
2026-02-08;0.0;;-5.56117935;114.42339534013168;feature_0;1.449946648790501e-05;0.114438246935606;-0.0001915580869535916;
2026-02-09;0.0;;-5.56117935;114.42339534013168;feature_0;;0.1132216490805149;;
2026-02-10;0.0;0.0317964553833007;-5.56117935;114.42339534013168;feature_0;4.371493815824579e-06;0.1114840991795063;0.00021466233738465237;
2026-02-11;0.0;;-5.56117935;114.42339534013168;feature_0;;0.1127839721739292;;
2026-02-12;0.0;;-5.56117935;114.42339534013168;feature_0;;0.1117923371493816;;
2026-02-13;;;;;;;;;
2026-02-14;0.0;;-5.56117935;114.42339534013168;feature_0;;0.112901858985424;;
2026-02-15;0.0;;-5.56117935;114.42339534013168;feature_0;;0.1139930933713913;;
2026-02-16;0.0;0.0330877136439085;-5.56117935;114.42339534013168;feature_0;3.688849574245978e-06;0.1133699193596839;-8.84386245161295e-05;
2026-02-17;0.0;0.0312700234353542;-5.56117935;114.42339534013168;feature_0;9.521990705252392e-06;0.1126751229166984;0.00016705537927919067;
2026-02-18;0.0;;-5.56117935;114.42339534013168;feature_0;3.897641619232672e-06;0.1124309860169887;-1.895445757327252e-05;
2026-02-19;0.0;;-5.56117935;114.42339534013168;feature_0;1.4498079963232158e-05;0.1116635277867317;0.00028535151795949787;
2026-02-20;0.0;;-5.56117935;114.42339534013168;feature_0;5.782141670351848e-06;0.1097543872892856;1.0401850886410102e-05;
2026-02-21;0.0;;-5.56117935;114.42339534013168;feature_0;;0.1115639954805374;;
2026-02-22;0.0;;-5.56117935;114.42339534013168;feature_0;;0.1130869798362255;-1.1898223419848364e-05;
2026-02-23;0.0;;-5.56117935;114.42339534013168;feature_0;;0.1130980104207992;;
2026-02-24;0.0;;-5.56117935;114.42339534013168;feature_0;;0.1123928986489772;;
2026-02-25;0.0;;-5.56117935;114.42339534013168;feature_0;;0.1137889735400676;;
2026-02-26;0.0;;-5.56117935;114.42339534013168;feature_0;;0.1135248616337776;;
2026-02-27;0.0;;-5.56117935;114.42339534013168;feature_0;;0.1134639084339141;;
2026-02-28;0.0;;-5.56117935;114.42339534013168;feature_0;;0.1122488714754581;-0.00013378520088735968;
2026-03-01;;;;;;;;;
2026-03-02;0.0;;-5.56117935;114.42339534013168;feature_0;;0.1148735918104648;-3.133791233267402e-05;
2026-03-03;0.0;;-5.56117935;114.42339534013168;feature_0;;0.1147431023418903;-0.00028204344562254846;
2026-03-04;0.0;;-5.56117935;114.42339534013168;feature_0;;0.1153102479875087;;
2026-03-05;0.0;;-5.56117935;114.42339534013168;feature_0;;0.1139616817235946;-8.487594459438697e-05;
2026-03-06;0.0;;-5.56117935;114.42339534013168;feature_0;;0.1155510395765304;;
2026-03-07;0.0;;-5.56117935;114.42339534013168;feature_0;;0.114722840487957;;
2026-03-08;0.0;;-5.56117935;114.42339534013168;feature_0;;0.1133205890655517;;
2026-03-09;0.0;0.0274643432348966;-5.56117935;114.42339534013168;feature_0;6.597804258490214e-06;0.1128953546285629;-2.9605298550450243e-05;
2026-03-10;0.0;;-5.56117935;114.42339534013168;feature_0;;0.1141979210078716;-1.0904361261054872e-05;
2026-03-11;0.0;;-5.56117935;114.42339534013168;feature_0;;0.1138640791177749;-1.8941787857329476e-05;
2026-03-12;0.0;0.0270106811076402;-5.56117935;114.42339534013168;feature_0;6.939121249160962e-06;0.1149484477937221;-0.00013568565191235393;
2026-03-13;0.0;;-5.56117935;114.42339534013168;feature_0;9.502175544184864e-06;0.1159394830465316;-2.615322819110588e-05;
2026-03-14;0.0;0.0315052699297666;-5.56117935;114.42339534013168;feature_0;;0.1141369566321373;-3.046868005185388e-05;
2026-03-15;0.0;0.0254669114947319;-5.56117935;114.42339534013168;feature_0;8.689022024555015e-06;0.1170265488326549;-0.00011960699885094073;
2026-03-16;0.0;;-5.56117935;114.42339534013168;feature_0;;0.1156254857778549;;
2026-03-17;;;;;;;;;
2026-03-18;0.0;0.0320308180525898;-5.56117935;114.42339534013168;feature_0;1.7628879504627548e-05;0.1155693419277668;-0.00010572422615950928;
2026-03-19;0.0;;-5.56117935;114.42339534013168;feature_0;;0.1149853691458702;;
2026-03-20;0.0;;-5.56117935;114.42339534013168;feature_0;;0.1163627728819847;;
2026-03-21;0.0;0.0264054220169782;-5.56117935;114.42339534013168;feature_0;;0.1155467219650745;-7.115906191756949e-05;
2026-03-22;0.0;;-5.56117935;114.42339534013168;feature_0;;0.1150204911828041;;
2026-03-23;0.0;;-5.56117935;114.42339534013168;feature_0;;0.1154491230845451;;
2026-03-24;0.0;;-5.56117935;114.42339534013168;feature_0;;0.1148887127637863;-1.0522500815568492e-05;
2026-03-25;0.0;0.0272609256207942;-5.56117935;114.42339534013168;feature_0;1.1418140729801962e-05;0.1177343018352985;-2.828160268109059e-05;
2026-03-26;0.0;0.0355350617319345;-5.56117935;114.42339534013168;feature_0;1.6049061741796322e-05;0.1184260249137878;-2.591336669865996e-05;
2026-03-27;0.0;;-5.56117935;114.42339534013168;feature_0;;0.1184993274509906;-5.224930282565765e-05;
2026-03-28;0.0;0.0322702098637819;-5.56117935;114.42339534013168;feature_0;;0.1164456978440284;-5.713932432627189e-05;
2026-03-29;0.0;0.0369148515164852;-5.56117935;114.42339534013168;feature_0;1.3003943422518203e-05;0.1172030642628669;-8.89507427928038e-05;
2026-03-30;0.0;0.0373604409396648;-5.56117935;114.42339534013168;feature_0;7.661256177016185e-06;0.1171038933098316;-7.514867320423946e-05;
2026-03-31;0.0;;-5.56117935;114.42339534013168;feature_0;;0.1166247949004173;;
2026-04-01;0.0;;-5.56117935;114.42339534013168;feature_0;4.3794305497613095e-06;0.1182927414774894;0.00013244059300632216;
2026-04-02;;;;;;;;;
2026-04-03;0.0;;-5.56117935;114.42339534013168;feature_0;1.3553576536651237e-05;0.1170354038476944;1.192701529362239e-05;
2026-04-04;0.0;0.0248169768601655;-5.56117935;114.42339534013168;feature_0;5.613923349301331e-06;0.1165210381150245;-3.8202932046260685e-05;
2026-04-05;0.0;;-5.56117935;114.42339534013168;feature_0;;0.1151897758245468;;
2026-04-06;0.0;;-5.56117935;114.42339534013168;feature_0;9.376057278132066e-06;0.1166391894221305;4.687131513492204e-05;
2026-04-07;0.0;;-5.56117935;114.42339534013168;feature_0;-1.0231206033495257e-05;0.1170722544193267;-2.099110315612052e-05;
2026-04-08;0.0;;-5.56117935;114.42339534013168;feature_0;2.663058808138885e-06;0.1161612533032894;0.0002102672151522711;
2026-04-09;0.0;0.0249777026474475;-5.56117935;114.42339534013168;feature_0;3.72274371329695e-06;0.1163826771080493;-8.725096631678753e-05;
2026-04-10;0.0;0.0245197899639606;-5.56117935;114.42339534013168;feature_0;;0.1168690510094165;-8.115475066006184e-05;
2026-04-11;0.0;;-5.56117935;114.42339534013168;feature_0;;0.1210524588823318;;
2026-04-12;0.0;;-5.56117935;114.42339534013168;feature_0;5.376145509217167e-06;0.1178483068943023;-0.00015982227341737598;
2026-04-13;0.0;;-5.56117935;114.42339534013168;feature_0;6.463580346838249e-06;0.1169557683169841;1.17880008474458e-05;
2026-04-14;0.0;;-5.56117935;114.42339534013168;feature_0;3.634717813838506e-06;0.1154019460082054;4.303819150663912e-05;
2026-04-15;0.0;0.0273112393915653;-5.56117935;114.42339534013168;feature_0;4.427057319844607e-06;0.1166626997292041;-5.932541535003111e-05;
2026-04-16;0.0;0.0209224894642829;-5.56117935;114.42339534013168;feature_0;;0.1155290231108665;8.920808613765985e-05;
2026-04-17;0.0;;-5.56117935;114.42339534013168;feature_0;4.640434781322256e-06;0.1168930083513259;-3.520340442264569e-06;
2026-04-18;;;;;;;;;
2026-04-19;0.0;;-5.56117935;114.42339534013168;feature_0;7.019907798166969e-06;0.1185085698962211;1.2215702554385643e-05;
2026-04-20;0.0;;-5.56117935;114.42339534013168;feature_0;1.5048098248371389e-05;0.1190806962549686;7.197521335911006e-05;
2026-04-21;0.0;0.0272899940609931;-5.56117935;114.42339534013168;feature_0;8.442589205515105e-06;0.1149319186806678;2.3472655811929144e-05;
2026-04-22;0.0;0.0281705427914857;-5.56117935;114.42339534013168;feature_0;9.795801815926096e-06;0.1159170903265476;8.84312111111285e-05;
2026-04-23;0.0;;-5.56117935;114.42339534013168;feature_0;-3.420231450945721e-06;0.1163199245929718;-0.00023023152607493105;
2026-04-24;0.0;;-5.56117935;114.42339534013168;feature_0;1.3523115740099456e-05;0.117565780878067;-0.00012073692050762476;
2026-04-25;0.0;0.0325202858075499;-5.56117935;114.42339534013168;feature_0;2.4076271074591205e-06;0.1174002811312675;-0.0001092567908926867;
2026-04-26;0.0;;-5.56117935;114.42339534013168;feature_0;;0.1162029951810836;;
2026-04-27;0.0;;-5.56117935;114.42339534013168;feature_0;;0.1151475049555301;-0.00023675935517530888;
2026-04-28;0.0;;-5.56117935;114.42339534013168;feature_0;5.374543547986832e-07;0.1157375015318393;5.967939614492934e-05;
2026-04-29;0.0;0.028669636696577;-5.56117935;114.42339534013168;feature_0;6.513315383926965e-06;0.1166471317410469;-7.237858426378807e-06;
2026-04-30;0.0;;-5.56117935;114.42339534013168;feature_0;;0.1158945709466934;;
2026-05-01;0.0;;-5.56117935;114.42339534013168;feature_0;2.003882855206029e-06;0.1156339012086391;0.00011787848779931664;
2026-05-02;0.0;;-5.56117935;114.42339534013168;feature_0;8.462537380182766e-06;0.1160224415361881;-7.230701157823205e-06;
2026-05-03;0.0;;-5.56117935;114.42339534013168;feature_0;;0.1158872321248054;;
2026-05-04;;;;;;;;;
2026-05-05;0.0;;-5.56117935;114.42339534013168;feature_0;2.158588722522836e-05;;;
2026-05-06;0.0;0.0234508849680423;-5.56117935;114.42339534013168;feature_0;5.706019692297559e-06;0.1207660287618637;-4.0556038584327325e-05;
2026-05-07;0.0;0.0293931113556027;-5.56117935;114.42339534013168;feature_0;1.1967881164309802e-05;0.1178088597953319;-8.014412378543057e-05;
2026-05-08;0.0;;-5.56117935;114.42339534013168;feature_0;3.938743930120836e-06;0.1188400723040103;3.569876298570307e-05;
2026-05-09;0.0;;-5.56117935;114.42339534013168;feature_0;;0.117794431746006;;
2026-05-10;0.0;;-5.56117935;114.42339534013168;feature_0;;0.1165145374834537;0.00011832133895950392;
2026-05-11;0.0;;-5.56117935;114.42339534013168;feature_0;-4.953031407239905e-07;0.1185382008552551;0.00017488826415501535;
2026-05-12;0.0;0.0221867151558399;-5.56117935;114.42339534013168;feature_0;1.080165884559392e-05;0.1153536513447761;-0.000107163745269645;
2026-05-13;0.0;;-5.56117935;114.42339534013168;feature_0;7.766328280922608e-06;0.1160707660019397;-1.5369423636002466e-05;
2026-05-14;0.0;0.0238754171878099;-5.56117935;114.42339534013168;feature_0;;0.1143468543887138;3.0832915399514604e-05;
2026-05-15;0.0;0.0264930315315723;-5.56117935;114.42339534013168;feature_0;;0.1157705970108509;-0.0002713054127525538;
2026-05-16;0.0;;-5.56117935;114.42339534013168;feature_0;5.192290700506419e-06;0.1168587394058704;6.076450449654658e-05;
2026-05-17;0.0;;-5.56117935;114.42339534013168;feature_0;;0.1177024021744728;;
2026-05-18;0.0;;-5.56117935;114.42339534013168;feature_0;;0.1180419400334358;;
2026-05-19;0.0;;-5.56117935;114.42339534013168;feature_0;4.892782044407795e-06;0.1201069951057434;-4.62159478047397e-05;
2026-05-20;;;;;;;;;
2026-05-21;0.0;0.031440369784832;-5.56117935;114.42339534013168;feature_0;1.1751876058951892e-05;0.118178866803646;-2.8881695470772684e-06;
2026-05-22;0.0;0.0267793256789445;-5.56117935;114.42339534013168;feature_0;;0.1164487488567829;;
2026-05-23;0.0;;-5.56117935;114.42339534013168;feature_0;;0.1176073923707008;-7.104297037585638e-05;
2026-05-24;0.0;;-5.56117935;114.42339534013168;feature_0;7.840935722924769e-06;0.1187149062752723;4.225556767778471e-05;
2026-05-25;0.0;;-5.56117935;114.42339534013168;feature_0;1.2872044408140935e-05;0.1202268339693546;3.198937338311225e-05;
2026-05-26;0.0;0.0266650971025228;-5.56117935;114.42339534013168;feature_0;4.588283900375245e-06;0.1158741414546966;-2.9180046112742275e-05;
2026-05-27;0.0;0.0312281623482704;-5.56117935;114.42339534013168;feature_0;5.913325253459334e-06;0.1181421615183353;3.331438347231597e-05;
2026-05-28;0.0;0.0254640914499759;-5.56117935;114.42339534013168;feature_0;2.203939743594674e-06;0.1196997947990894;0.00010731961810961366;
2026-05-29;0.0;0.0310154696926474;-5.56117935;114.42339534013168;feature_0;7.16942963663314e-06;0.1210128553211689;-0.0002670325629878789;
2026-05-30;0.0;0.0281336102634668;-5.56117935;114.42339534013168;feature_0;;0.1183596216142177;7.058514165692031e-05;
2026-05-31;0.0;0.0268210982903838;-5.56117935;114.42339534013168;feature_0;7.079600379711337e-06;0.1175977438688278;-6.941792162251659e-05;
2026-06-01;0.0;;-5.56117935;114.42339534013168;feature_0;6.00751445745118e-06;0.1186183094978332;0.0002996612165588885;
2026-06-02;0.0;;-5.56117935;114.42339534013168;feature_0;1.0610850949888118e-05;0.1157009825110435;0.00013332543312571943;
2026-06-03;0.0;0.0242218906059861;-5.56117935;114.42339534013168;feature_0;4.10728375754843e-06;0.1170867122709751;-3.0221764973248355e-05;
2026-06-04;0.0;;-5.56117935;114.42339534013168;feature_0;;0.1176763623952865;-4.7369333060487406e-05;
2026-06-05;;;;;;;;;
2026-06-06;0.0;0.0223915129899978;-5.56117935;114.42339534013168;feature_0;7.131963968731725e-06;0.1181706041097641;0.0001015720517898444;
2026-06-07;0.0;0.0225272756069898;-5.56117935;114.42339534013168;feature_0;1.2203121059428668e-05;0.1168429441750049;2.24551185965538e-05;
2026-06-08;0.0;0.0222338866442441;-5.56117935;114.42339534013168;feature_0;9.717580269352766e-07;0.1159495934844017;0.0002345547181903385;1846.8380126953125
2026-06-09;0.0;0.0240903794765472;-5.56117935;114.42339534013168;feature_0;7.1341987677442376e-06;0.1183386519551277;0.0002047373855020851;
2026-06-10;0.0;;-5.56117935;114.42339534013168;feature_0;6.236218041522079e-06;0.1184531450271606;0.00011698193702613936;
2026-06-11;0.0;;-5.56117935;114.42339534013168;feature_0;;0.1174735054373741;;
2026-06-12;0.0;;-5.56117935;114.42339534013168;feature_0;8.888684760677279e-06;0.1132958084344863;-3.7168738344917074e-06;
2026-06-13;0.0;0.0299141313880682;-5.56117935;114.42339534013168;feature_0;9.210333928422187e-06;0.1146540120244026;6.355084406095557e-05;
2026-06-14;0.0;;-5.56117935;114.42339534013168;feature_0;1.1800560514529934e-05;0.1141123846173286;-0.00013539161227527077;
2026-06-15;0.0;0.0257346257567405;-5.56117935;114.42339534013168;feature_0;6.288826767786304e-06;0.1143446862697601;6.972622759349179e-05;
2026-06-16;0.0;;-5.56117935;114.42339534013168;feature_0;1.5724192962807138e-05;0.114871758967638;3.233888128306717e-05;
2026-06-17;0.0;0.0301879607141017;-5.56117935;114.42339534013168;feature_0;4.443548792920637e-06;0.11644122377038;-1.1692506973304262e-05;
2026-06-18;0.0;0.0271090650931;-5.56117935;114.42339534013168;feature_0;1.7378212078256183e-06;0.1196597889065742;-1.2808751307602506e-05;
2026-06-19;0.0;0.0274153295904397;-5.56117935;114.42339534013168;feature_0;6.120622401795117e-06;0.1180717013776302;5.775883801106829e-05;
2026-06-20;0.0;;-5.56117935;114.42339534013168;feature_0;1.0649964224285212e-05;0.1210365928709507;5.858073745912407e-05;
2026-06-21;;;;;;;;;
2026-06-22;0.0;0.0254210894927382;-5.56117935;114.42339534013168;feature_0;3.0586254524678225e-06;0.1192596405744552;0.00016600188973825425;
2026-06-23;0.0;;-5.56117935;114.42339534013168;feature_0;;0.1171455755829811;0.00010702582221711054;1620.5887451171875
2026-06-24;0.0;0.0225591631606221;-5.56117935;114.42339534013168;feature_0;4.427827406061624e-06;0.1170677840709686;5.97177950112382e-06;
2026-06-25;0.0;0.028495792299509;-5.56117935;114.42339534013168;feature_0;9.713458894111682e-06;0.11510556563735;-2.3202825104817748e-05;
2026-06-26;0.0;0.0209611793980002;-5.56117935;114.42339534013168;feature_0;6.0743665244444855e-06;0.1155014783143997;0.00016236351075349376;
2026-06-27;0.0;0.0237278435379266;-5.56117935;114.42339534013168;feature_0;-9.814268651098246e-07;0.1130992099642753;-8.522738062310964e-05;
2026-06-28;0.0;0.0284779947251081;-5.56117935;114.42339534013168;feature_0;9.412146255272091e-06;0.1146620921790599;-2.8573236704687588e-05;
2026-06-29;0.0;0.0280742887407541;-5.56117935;114.42339534013168;feature_0;8.989175967144547e-06;0.1165700815618038;-0.00016678563042660244;1810.57568359375
2026-06-30;0.0;0.0226507205516099;-5.56117935;114.42339534013168;feature_0;7.543402034571045e-06;0.1182608902454376;-0.00019025561050511897;
2026-07-01;0.0;;-5.56117935;114.42339534013168;feature_0;8.741172223381e-06;0.1181377880275249;-0.00010126468259841204;
2026-07-02;0.0;0.0252530127763748;-5.56117935;114.42339534013168;feature_0;1.5507262105529662e-06;0.1174495890736579;-9.38217854127288e-05;
2026-07-03;0.0;0.0279829613864421;-5.56117935;114.42339534013168;feature_0;1.413260679328232e-05;0.117372527718544;-7.537236342614051e-05;
2026-07-04;0.0;0.0251500084996223;-5.56117935;114.42339534013168;feature_0;7.679130590076966e-06;0.1189035102725029;7.106335078788106e-05;
2026-07-05;0.0;0.0302336094900965;-5.56117935;114.42339534013168;feature_0;4.843312979119219e-06;0.1175942681729793;0.0001049852817232022;
2026-07-06;0.0;;-5.56117935;114.42339534013168;feature_0;9.521853826299775e-06;;;
2026-07-07;;;;;;;;;
2026-07-08;0.0;;-5.56117935;114.42339534013168;feature_0;1.4258011105994228e-05;0.120850570499897;9.2980480985716e-05;
2026-07-09;0.0;0.0290581919252872;-5.56117935;114.42339534013168;feature_0;1.0082238077302463e-05;0.1201911941170692;0.00014510807523038238;
2026-07-10;0.0;0.0248638540506362;-5.56117935;114.42339534013168;feature_0;4.3577091446422855e-06;0.1195140220224857;2.7979665901511908e-05;1876.225830078125
2026-07-11;0.0;;-5.56117935;114.42339534013168;feature_0;1.0731421298260102e-05;0.1196063086390495;6.526277138618752e-05;
2026-07-12;0.0;0.0236650053411722;-5.56117935;114.42339534013168;feature_0;1.485375287302304e-05;0.1196652688086032;-6.769980973331258e-05;
2026-07-13;0.0;0.0246647782623767;-5.56117935;114.42339534013168;feature_0;-8.775158676144201e-06;0.1189819425344467;0.0001507558044977486;
2026-07-14;0.0;0.0323179448023438;-5.56117935;114.42339534013168;feature_0;4.078734015422469e-06;0.1176382191479206;-1.0291696526110172e-05;
2026-07-15;0.0;0.0291327247396111;-5.56117935;114.42339534013168;feature_0;9.71628219303966e-06;0.1193088740110397;7.966728662722744e-05;
2026-07-16;0.0;0.0224453397095203;-5.56117935;114.42339534013168;feature_0;5.857714768353617e-06;0.1183543726801872;-8.578465349273756e-05;
2026-07-17;0.0;;-5.56117935;114.42339534013168;feature_0;1.131448516389355e-05;0.1169007755815982;-0.00011057513984269464;
2026-07-18;0.0;;-5.56117935;114.42339534013168;feature_0;1.6438320926681627e-05;0.1161847598850727;-0.00015406907550641336;
2026-07-19;0.0;0.0277328733354806;-5.56117935;114.42339534013168;feature_0;5.052099368185736e-06;0.1195810958743095;0.00012564240387291647;
2026-07-20;0.0;0.0319984182715415;-5.56117935;114.42339534013168;feature_0;6.92332366725168e-06;0.1164923831820488;-2.602195797862805e-05;
2026-07-21;0.0;0.0290955416858196;-5.56117935;114.42339534013168;feature_0;1.8999730855284724e-05;0.1145562939345836;-0.00010601873509585856;
2026-07-22;0.0;;-5.56117935;114.42339534013168;feature_0;-1.737991624395363e-06;0.1158875897526741;-0.00015137296577449888;
2026-07-23;;;;;;;;;
2026-07-24;0.0;;-5.56117935;114.42339534013168;feature_0;9.570231895850156e-06;0.1177972964942455;-1.0852736778588223e-05;
2026-07-25;0.0;0.0303313517943024;-5.56117935;114.42339534013168;feature_0;1.6995611986203585e-05;0.1196701452136039;1.31034103105776e-05;1772.580322265625
2026-07-26;0.0;0.0293375551700592;-5.56117935;114.42339534013168;feature_0;7.198880268788344e-06;0.1215683743357658;-2.7185556973563507e-05;
2026-07-27;0.0;0.0315468236804008;-5.56117935;114.42339534013168;feature_0;1.2310836609685794e-05;0.1197936534881591;7.515863399021327e-05;
2026-07-28;0.0;;-5.56117935;114.42339534013168;feature_0;1.0073472367366776e-05;0.1207890957593917;-0.00017795690655475482;
2026-07-29;0.0;0.0290522892028093;-5.56117935;114.42339534013168;feature_0;6.440525339712622e-06;0.1197251789271831;-0.00010132486750080716;
2026-07-30;0.0;0.035517306998372;-5.56117935;114.42339534013168;feature_0;3.517873494729429e-07;0.1198091953992843;0.00012679421342909336;
2026-07-31;0.0;0.0296205282211303;-5.56117935;114.42339534013168;feature_0;9.090561434277332e-06;0.1197390630841255;0.00028410652885213494;1901.9830322265625
2026-08-01;0.0;0.0282627139240503;-5.56117935;114.42339534013168;feature_0;6.33846752862155e-07;0.1201114505529403;0.00011039067976525983;
2026-08-02;0.0;0.0257945917546749;-5.56117935;114.42339534013168;feature_0;7.005551651673159e-06;0.1214533597230911;-4.954554242431186e-06;
2026-08-03;0.0;0.0307099130004644;-5.56117935;114.42339534013168;feature_0;1.0269609447277617e-05;0.1211046352982521;0.00018685762188397348;
2026-08-04;0.0;0.0274501498788595;-5.56117935;114.42339534013168;feature_0;5.0569390168675454e-06;0.1195998564362526;2.6379526389064267e-05;
2026-08-05;0.0;0.0299420086666941;-5.56117935;114.42339534013168;feature_0;;0.1185118183493614;8.848994184518233e-05;
2026-08-06;0.0;0.0259277019649744;-5.56117935;114.42339534013168;feature_0;2.8905392355227377e-06;0.1216855347156524;-0.00018791828188113868;
2026-08-07;0.0;;-5.56117935;114.42339534013168;feature_0;1.0128619237548264e-05;0.1207994110882282;0.00013047208449279424;
2026-08-08;;;;;;;;;
2026-08-09;0.0;0.0270911743864417;-5.56117935;114.42339534013168;feature_0;6.098091944295447e-06;0.1232755035161972;0.00015205370436888188;
2026-08-10;0.0;0.028131304308772;-5.56117935;114.42339534013168;feature_0;2.420994746898941e-06;0.1221321113407611;6.104470230638981e-06;
2026-08-11;0.0;0.0259434338659048;-5.56117935;114.42339534013168;feature_0;-3.343566731928149e-06;0.1240648478269577;-0.00012253907334525138;
2026-08-12;0.0;0.0267707426100969;-5.56117935;114.42339534013168;feature_0;-1.955579364221194e-06;0.1225889213383197;-6.843212941021193e-05;
2026-08-13;0.0;0.0284041073173284;-5.56117935;114.42339534013168;feature_0;1.4208868378773332e-05;0.1188309490680694;-3.062400810449617e-05;
2026-08-14;0.0;0.0296079516410827;-5.56117935;114.42339534013168;feature_0;6.388011115632253e-06;0.1201126351952552;6.592017598450185e-08;
2026-08-15;0.0;0.0304474160075187;-5.56117935;114.42339534013168;feature_0;3.330765139253345e-07;0.1196552067995071;1.353811239823699e-05;
2026-08-16;0.0;0.0332142077386379;-5.56117935;114.42339534013168;feature_0;1.3250397614683609e-06;0.1190138719975948;3.3964309125167347e-06;
2026-08-17;0.0;0.0250524319708347;-5.56117935;114.42339534013168;feature_0;5.4833618605698575e-06;0.1221987754106521;9.190037053485868e-05;
2026-08-18;0.0;;-5.56117935;114.42339534013168;feature_0;5.1710321713471785e-06;0.1204298585653305;-1.214408257510513e-06;
2026-08-19;0.0;0.0274534728378057;-5.56117935;114.42339534013168;feature_0;5.094575953989988e-06;0.1177872791886329;-0.00010478270269231872;
2026-08-20;0.0;0.0251780962571501;-5.56117935;114.42339534013168;feature_0;5.649529157381039e-06;0.1190318129956722;-0.00013134693654137664;
2026-08-21;0.0;0.027727510780096;-5.56117935;114.42339534013168;feature_0;1.481878689446603e-05;0.1203864589333534;1.5640753190382384e-06;1908.3961181640625
2026-08-22;0.0;0.0322414673864841;-5.56117935;114.42339534013168;feature_0;6.819025657023303e-06;0.1216987296938896;2.094459341606125e-05;
2026-08-23;0.0;0.0337632559239864;-5.56117935;114.42339534013168;feature_0;3.466363011739304e-06;0.1222621239721775;-6.969464084249921e-05;
